,disYear,disMonth,disDay,disDayCount,cityCode,citySidoName,citySggName,disQuantity,dayAverQuantity,disCount,dayAverCount
0,2018,01,1,4,W0Z,부산광역시,사하구,101129650,25282413,51862,12966
1,2018,01,2,5,W0Z,부산광역시,사하구,120628600,24125720,64300,12860
2,2018,01,3,5,W0Z,부산광역시,사하구,100409650,20081930,56222,11244
3,2018,01,4,5,W0Z,부산광역시,사하구,100256750,20051350,56595,11319
4,2018,01,5,4,W0Z,부산광역시,사하구,79040500,19760125,44818,11205
5,2018,01,6,4,W0Z,부산광역시,사하구,74482850,18620713,43212,10803
6,2018,01,7,4,W0Z,부산광역시,사하구,82832750,20708188,44922,11231
0,2018,01,1,4,W1Z,울산광역시,남구,6598650,1649663,3566,892
1,2018,01,2,5,W1Z,울산광역시,남구,7335900,1467180,4180,836
2,2018,01,3,5,W1Z,울산광역시,남구,7042600,1408520,4088,818
3,2018,01,4,5,W1Z,울산광역시,남구,6308150,1261630,3791,758
4,2018,01,5,4,W1Z,울산광역시,남구,5263600,1315900,3151,788
5,2018,01,6,4,W1Z,울산광역시,남구,4957150,1239288,2971,743
6,2018,01,7,4,W1Z,울산광역시,남구,5441600,1360400,3136,784
0,2018,01,1,4,W0M,서울특별시,서초구,50491350,12622838,29688,7422
1,2018,01,2,5,W0M,서울특별시,서초구,63266350,12653270,37179,7436
2,2018,01,3,5,W0M,서울특별시,서초구,58418950,11683790,35437,7087
3,2018,01,4,5,W0M,서울특별시,서초구,54283000,10856600,34013,6803
4,2018,01,5,4,W0M,서울특별시,서초구,45617100,11404275,28526,7132
5,2018,01,6,4,W0M,서울특별시,서초구,42924700,10731175,27485,6871
6,2018,01,7,4,W0M,서울특별시,서초구,41944650,10486163,25024,6256
0,2018,01,1,4,W4C,충청남도,서산시,1743800,435950,775,194
1,2018,01,2,5,W4C,충청남도,서산시,1897250,379450,832,166
2,2018,01,3,5,W4C,충청남도,서산시,1679150,335830,740,148
3,2018,01,4,5,W4C,충청남도,서산시,2176750,435350,973,195
4,2018,01,5,4,W4C,충청남도,서산시,1398650,349663,624,156
5,2018,01,6,4,W4C,충청남도,서산시,1426950,356738,664,166
6,2018,01,7,4,W4C,충청남도,서산시,1443050,360763,646,162
0,2018,01,1,4,W1B,대구광역시,수성구,73074700,18268675,36919,9230
1,2018,01,2,5,W1B,대구광역시,수성구,90907100,18181420,47282,9456
2,2018,01,3,5,W1B,대구광역시,수성구,78053550,15610710,42105,8421
3,2018,01,4,5,W1B,대구광역시,수성구,76942400,15388480,42478,8496
4,2018,01,5,4,W1B,대구광역시,수성구,61575550,15393888,33877,8469
5,2018,01,6,4,W1B,대구광역시,수성구,61135650,15283913,33932,8483
6,2018,01,7,4,W1B,대구광역시,수성구,64493000,16123250,34466,8617
0,2018,01,1,4,W19,대구광역시,남구,19116400,4779100,10410,2603
1,2018,01,2,5,W19,대구광역시,남구,24117100,4823420,13577,2715
2,2018,01,3,5,W19,대구광역시,남구,20659450,4131890,11911,2382
3,2018,01,4,5,W19,대구광역시,남구,20492400,4098480,12234,2447
4,2018,01,5,4,W19,대구광역시,남구,16261950,4065488,9537,2384
5,2018,01,6,4,W19,대구광역시,남구,16279800,4069950,9702,2426
6,2018,01,7,4,W19,대구광역시,남구,17870050,4467513,10209,2552
0,2018,01,1,4,W6Z,서울특별시,송파구,237098250,59274563,136256,34064
1,2018,01,2,5,W6Z,서울특별시,송파구,292377200,58475440,170584,34117
2,2018,01,3,5,W6Z,서울특별시,송파구,241869200,48373840,147016,29403
3,2018,01,4,5,W6Z,서울특별시,송파구,232326500,46465300,144654,28931
4,2018,01,5,4,W6Z,서울특별시,송파구,200736800,50184200,125407,31352
5,2018,01,6,4,W6Z,서울특별시,송파구,184000050,46000013,115639,28910
6,2018,01,7,4,W6Z,서울특별시,송파구,184970600,46242650,110372,27593
0,2018,01,1,4,W6X,제주특별자치도,제주시,274697950,68674488,112518,28130
1,2018,01,2,5,W6X,제주특별자치도,제주시,303753150,60750630,123802,24760
2,2018,01,3,5,W6X,제주특별자치도,제주시,313220700,62644140,132416,26483
3,2018,01,4,5,W6X,제주특별자치도,제주시,301508250,60301650,127353,25471
4,2018,01,5,4,W6X,제주특별자치도,제주시,231902400,57975600,98034,24509
5,2018,01,6,4,W6X,제주특별자치도,제주시,230994750,57748688,97479,24370
6,2018,01,7,4,W6X,제주특별자치도,제주시,253172000,63293000,102778,25695
0,2018,01,1,4,W3D,강원도,원주시,126929650,31732413,67551,16888
1,2018,01,2,5,W3D,강원도,원주시,147615950,29523190,81134,16227
2,2018,01,3,5,W3D,강원도,원주시,125086400,25017280,71534,14307
3,2018,01,4,5,W3D,강원도,원주시,120814000,24162800,70265,14053
4,2018,01,5,4,W3D,강원도,원주시,95480150,23870038,55792,13948
5,2018,01,6,4,W3D,강원도,원주시,95203100,23800775,55836,13959
6,2018,01,7,4,W3D,강원도,원주시,103754900,25938725,57688,14422
0,2018,01,1,4,W6H,경상남도,통영시,6247000,1561750,2785,696
1,2018,01,2,5,W6H,경상남도,통영시,7669450,1533890,3470,694
2,2018,01,3,5,W6H,경상남도,통영시,7171000,1434200,3245,649
3,2018,01,4,5,W6H,경상남도,통영시,6395150,1279030,3062,612
4,2018,01,5,4,W6H,경상남도,통영시,5468750,1367188,2545,636
5,2018,01,6,4,W6H,경상남도,통영시,5112850,1278213,2471,618
6,2018,01,7,4,W6H,경상남도,통영시,5669250,1417313,2599,650
0,2018,01,1,4,W0Y,부산광역시,해운대구,159476800,39869200,84052,21013
1,2018,01,2,5,W0Y,부산광역시,해운대구,186223950,37244790,101662,20332
2,2018,01,3,5,W0Y,부산광역시,해운대구,168975650,33795130,95037,19007
3,2018,01,4,5,W0Y,부산광역시,해운대구,165402700,33080540,94675,18935
4,2018,01,5,4,W0Y,부산광역시,해운대구,134011700,33502925,77343,19336
5,2018,01,6,4,W0Y,부산광역시,해운대구,122245050,30561263,71545,17886
6,2018,01,7,4,W0Y,부산광역시,해운대구,128937000,32234250,72396,18099
0,2018,01,1,4,W1K,인천광역시,계양구,50063200,12515800,25824,6456
1,2018,01,2,5,W1K,인천광역시,계양구,53272500,10654500,28558,5712
2,2018,01,3,5,W1K,인천광역시,계양구,47001550,9400310,25869,5174
3,2018,01,4,5,W1K,인천광역시,계양구,44653750,8930750,25335,5067
4,2018,01,5,4,W1K,인천광역시,계양구,33458050,8364513,18952,4738
5,2018,01,6,4,W1K,인천광역시,계양구,33783900,8445975,19037,4759
6,2018,01,7,4,W1K,인천광역시,계양구,39775800,9943950,21201,5300
0,2018,01,1,4,W06,서울특별시,동대문구,21767800,5441950,12151,3038
1,2018,01,2,5,W06,서울특별시,동대문구,21205500,4241100,12383,2477
2,2018,01,3,5,W06,서울특별시,동대문구,19273150,3854630,11837,2367
3,2018,01,4,5,W06,서울특별시,동대문구,19507400,3901480,12026,2405
4,2018,01,5,4,W06,서울특별시,동대문구,13714100,3428525,8707,2177
5,2018,01,6,4,W06,서울특별시,동대문구,14049850,3512463,8699,2175
6,2018,01,7,4,W06,서울특별시,동대문구,15023800,3755950,8815,2204
0,2018,01,1,4,W31,경기도,이천시,72476150,18119038,28045,7011
1,2018,01,2,5,W31,경기도,이천시,77215100,15443020,31006,6201
2,2018,01,3,5,W31,경기도,이천시,65133350,13026670,27169,5434
3,2018,01,4,5,W31,경기도,이천시,65886100,13177220,28000,5600
4,2018,01,5,4,W31,경기도,이천시,51184450,12796113,21729,5432
5,2018,01,6,4,W31,경기도,이천시,49676800,12419200,21218,5305
6,2018,01,7,4,W31,경기도,이천시,55631450,13907863,22466,5617
0,2018,01,1,4,W0I,서울특별시,금천구,54822200,13705550,30304,7576
1,2018,01,2,5,W0I,서울특별시,금천구,53473200,10694640,30859,6172
2,2018,01,3,5,W0I,서울특별시,금천구,44554050,8910810,27005,5401
3,2018,01,4,5,W0I,서울특별시,금천구,43151700,8630340,26281,5256
4,2018,01,5,4,W0I,서울특별시,금천구,34641650,8660413,21221,5305
5,2018,01,6,4,W0I,서울특별시,금천구,32777450,8194363,20189,5047
6,2018,01,7,4,W0I,서울특별시,금천구,37132850,9283213,21405,5351
0,2018,01,1,4,W2Q,경기도,구리시,48712700,12178175,24362,6091
1,2018,01,2,5,W2Q,경기도,구리시,201946150,40389230,31469,6294
2,2018,01,3,5,W2Q,경기도,구리시,125611650,25122330,26761,5352
3,2018,01,4,5,W2Q,경기도,구리시,126166350,25233270,26963,5393
4,2018,01,5,4,W2Q,경기도,구리시,69265250,17316313,20897,5224
5,2018,01,6,4,W2Q,경기도,구리시,109385100,27346275,21143,5286
6,2018,01,7,4,W2Q,경기도,구리시,70793650,17698413,19985,4996
0,2018,01,1,4,W30,경기도,파주시,116192000,29048000,53544,13386
1,2018,01,2,5,W30,경기도,파주시,139239850,27847970,66937,13387
2,2018,01,3,5,W30,경기도,파주시,130096150,26019230,64897,12979
3,2018,01,4,5,W30,경기도,파주시,114876950,22975390,59142,11828
4,2018,01,5,4,W30,경기도,파주시,90513900,22628475,46890,11723
5,2018,01,6,4,W30,경기도,파주시,88840100,22210025,46730,11683
6,2018,01,7,4,W30,경기도,파주시,94427800,23606950,46357,11589
0,2018,01,1,4,W01,서울특별시,종로구,10833550,2708388,6229,1557
1,2018,01,2,5,W01,서울특별시,종로구,14183000,2836600,8194,1639
2,2018,01,3,5,W01,서울특별시,종로구,12561450,2512290,7544,1509
3,2018,01,4,5,W01,서울특별시,종로구,11577450,2315490,7221,1444
4,2018,01,5,4,W01,서울특별시,종로구,9024750,2256188,5604,1401
5,2018,01,6,4,W01,서울특별시,종로구,8904950,2226238,5559,1390
6,2018,01,7,4,W01,서울특별시,종로구,9115700,2278925,5461,1365
0,2018,01,1,4,W0D,서울특별시,서대문구,79510350,19877588,48549,12137
1,2018,01,2,5,W0D,서울특별시,서대문구,79032950,15806590,49873,9975
2,2018,01,3,5,W0D,서울특별시,서대문구,69521400,13904280,45472,9094
3,2018,01,4,5,W0D,서울특별시,서대문구,71603300,14320660,48702,9740
4,2018,01,5,4,W0D,서울특별시,서대문구,54806300,13701575,36736,9184
5,2018,01,6,4,W0D,서울특별시,서대문구,50040150,12510038,33912,8478
6,2018,01,7,4,W0D,서울특별시,서대문구,54281950,13570488,34672,8668
0,2018,01,1,4,W6C,경상북도,울릉군,1424100,356025,660,165
1,2018,01,2,5,W6C,경상북도,울릉군,1924150,384830,799,160
2,2018,01,3,5,W6C,경상북도,울릉군,1981500,396300,776,155
3,2018,01,4,5,W6C,경상북도,울릉군,1755550,351110,753,151
4,2018,01,5,4,W6C,경상북도,울릉군,1536250,384063,617,154
5,2018,01,6,4,W6C,경상북도,울릉군,1381750,345438,591,148
6,2018,01,7,4,W6C,경상북도,울릉군,1621100,405275,704,176
0,2018,01,1,4,W0W,부산광역시,남구,76900550,19225138,39492,9873
1,2018,01,2,5,W0W,부산광역시,남구,82797350,16559470,44321,8864
2,2018,01,3,5,W0W,부산광역시,남구,78612800,15722560,42968,8594
3,2018,01,4,5,W0W,부산광역시,남구,73501850,14700370,41556,8311
4,2018,01,5,4,W0W,부산광역시,남구,62248900,15562225,34846,8712
5,2018,01,6,4,W0W,부산광역시,남구,55369350,13842338,31857,7964
6,2018,01,7,4,W0W,부산광역시,남구,59020350,14755088,32201,8050
0,2018,01,1,4,W36,경기도,양주시,66202900,16550725,31244,7811
1,2018,01,2,5,W36,경기도,양주시,78315950,15663190,38032,7606
2,2018,01,3,5,W36,경기도,양주시,67986250,13597250,34181,6836
3,2018,01,4,5,W36,경기도,양주시,63720250,12744050,33039,6608
4,2018,01,5,4,W36,경기도,양주시,51071200,12767800,26359,6590
5,2018,01,6,4,W36,경기도,양주시,50112600,12528150,26370,6593
6,2018,01,7,4,W36,경기도,양주시,53291050,13322763,26640,6660
0,2018,01,1,4,W6L,경상남도,거제시,4228100,1057025,2103,526
1,2018,01,2,5,W6L,경상남도,거제시,4681650,936330,2349,470
2,2018,01,3,5,W6L,경상남도,거제시,3983600,796720,2105,421
3,2018,01,4,5,W6L,경상남도,거제시,3981950,796390,2222,444
4,2018,01,5,4,W6L,경상남도,거제시,3143100,785775,1726,432
5,2018,01,6,4,W6L,경상남도,거제시,3081200,770300,1697,424
6,2018,01,7,4,W6L,경상남도,거제시,3318400,829600,1716,429
0,2018,01,1,4,W02,서울특별시,중구,25046550,6261638,16327,4082
1,2018,01,2,5,W02,서울특별시,중구,27091000,5418200,17988,3598
2,2018,01,3,5,W02,서울특별시,중구,21796050,4359210,14976,2995
3,2018,01,4,5,W02,서울특별시,중구,21268550,4253710,15156,3031
4,2018,01,5,4,W02,서울특별시,중구,16820900,4205225,11888,2972
5,2018,01,6,4,W02,서울특별시,중구,17367550,4341888,12173,3043
6,2018,01,7,4,W02,서울특별시,중구,19698050,4924513,13018,3255
0,2018,01,1,4,W6Y,제주특별자치도,서귀포시,88437350,22109338,26644,6661
1,2018,01,2,5,W6Y,제주특별자치도,서귀포시,110783500,22156700,33254,6651
2,2018,01,3,5,W6Y,제주특별자치도,서귀포시,115690650,23138130,35834,7167
3,2018,01,4,5,W6Y,제주특별자치도,서귀포시,110342100,22068420,33980,6796
4,2018,01,5,4,W6Y,제주특별자치도,서귀포시,81662750,20415688,25122,6281
5,2018,01,6,4,W6Y,제주특별자치도,서귀포시,89154000,22288500,26501,6625
6,2018,01,7,4,W6Y,제주특별자치도,서귀포시,92879900,23219975,26765,6691
0,2018,01,1,4,W1Y,울산광역시,중구,15560050,3890013,8353,2088
1,2018,01,2,5,W1Y,울산광역시,중구,19019350,3803870,10448,2090
2,2018,01,3,5,W1Y,울산광역시,중구,16753450,3350690,9685,1937
3,2018,01,4,5,W1Y,울산광역시,중구,16750550,3350110,9766,1953
4,2018,01,5,4,W1Y,울산광역시,중구,12980000,3245000,7550,1888
5,2018,01,6,4,W1Y,울산광역시,중구,13129500,3282375,7529,1882
6,2018,01,7,4,W1Y,울산광역시,중구,13926200,3481550,7825,1956
0,2018,01,1,4,W04,서울특별시,성동구,56647150,14161788,34462,8616
1,2018,01,2,5,W04,서울특별시,성동구,60212100,12042420,37406,7481
2,2018,01,3,5,W04,서울특별시,성동구,50494900,10098980,32728,6546
3,2018,01,4,5,W04,서울특별시,성동구,51898550,10379710,34254,6851
4,2018,01,5,4,W04,서울특별시,성동구,40287900,10071975,26601,6650
5,2018,01,6,4,W04,서울특별시,성동구,38556350,9639088,25755,6439
6,2018,01,7,4,W04,서울특별시,성동구,40059350,10014838,25278,6320
0,2018,01,1,4,W51,전라북도,고창군,9312900,2328225,3008,752
1,2018,01,2,5,W51,전라북도,고창군,10486400,2097280,3499,700
2,2018,01,3,5,W51,전라북도,고창군,8380700,1676140,2875,575
3,2018,01,4,5,W51,전라북도,고창군,8471800,1694360,2995,599
4,2018,01,5,4,W51,전라북도,고창군,6885300,1721325,2478,620
5,2018,01,6,4,W51,전라북도,고창군,7124400,1781100,2424,606
6,2018,01,7,4,W51,전라북도,고창군,8311050,2077763,2778,695
0,2018,01,1,4,W6B,경상북도,울진군,17758950,4439738,8204,2051
1,2018,01,2,5,W6B,경상북도,울진군,21603800,4320760,9981,1996
2,2018,01,3,5,W6B,경상북도,울진군,18986000,3797200,9090,1818
3,2018,01,4,5,W6B,경상북도,울진군,18951700,3790340,8846,1769
4,2018,01,5,4,W6B,경상북도,울진군,15136800,3784200,7287,1822
5,2018,01,6,4,W6B,경상북도,울진군,15604950,3901238,7359,1840
6,2018,01,7,4,W6B,경상북도,울진군,16025000,4006250,7360,1840
0,2018,01,1,4,W0J,서울특별시,영등포구,133945500,33486375,76642,19161
1,2018,01,2,5,W0J,서울특별시,영등포구,143166500,28633300,83742,16748
2,2018,01,3,5,W0J,서울특별시,영등포구,121808400,24361680,74293,14859
3,2018,01,4,5,W0J,서울특별시,영등포구,119544850,23908970,75034,15007
4,2018,01,5,4,W0J,서울특별시,영등포구,91751700,22937925,57816,14454
5,2018,01,6,4,W0J,서울특별시,영등포구,88717400,22179350,56155,14039
6,2018,01,7,4,W0J,서울특별시,영등포구,99931800,24982950,58655,14664
0,2018,01,1,4,W13,부산광역시,수영구,41772700,10443175,22840,5710
1,2018,01,2,5,W13,부산광역시,수영구,48708500,9741700,27563,5513
2,2018,01,3,5,W13,부산광역시,수영구,40598150,8119630,23675,4735
3,2018,01,4,5,W13,부산광역시,수영구,43035250,8607050,25228,5046
4,2018,01,5,4,W13,부산광역시,수영구,33458800,8364700,19862,4966
5,2018,01,6,4,W13,부산광역시,수영구,31979050,7994763,19339,4835
6,2018,01,7,4,W13,부산광역시,수영구,34208100,8552025,19525,4881
0,2018,01,1,4,W3U,충청북도,청주시,173343150,43335788,88771,22193
1,2018,01,2,5,W3U,충청북도,청주시,202874900,40574980,108739,21748
2,2018,01,3,5,W3U,충청북도,청주시,176138100,35227620,98090,19618
3,2018,01,4,5,W3U,충청북도,청주시,172086850,34417370,97979,19596
4,2018,01,5,4,W3U,충청북도,청주시,135427850,33856963,77722,19431
5,2018,01,6,4,W3U,충청북도,청주시,132574500,33143625,76267,19067
6,2018,01,7,4,W3U,충청북도,청주시,142867300,35716825,77605,19401
0,2018,01,1,4,W5P,경상북도,포항시,104761400,26190350,46077,11519
1,2018,01,2,5,W5P,경상북도,포항시,129719300,25943860,58806,11761
2,2018,01,3,5,W5P,경상북도,포항시,118288300,23657660,55902,11180
3,2018,01,4,5,W5P,경상북도,포항시,118099900,23619980,55567,11113
4,2018,01,5,4,W5P,경상북도,포항시,90146700,22536675,42772,10693
5,2018,01,6,4,W5P,경상북도,포항시,87740490,21935123,42158,10540
6,2018,01,7,4,W5P,경상북도,포항시,92261550,23065388,42657,10664
0,2018,01,1,4,W3C,강원도,춘천시,27708050,6927013,12874,3219
1,2018,01,2,5,W3C,강원도,춘천시,29734750,5946950,14169,2834
2,2018,01,3,5,W3C,강원도,춘천시,24966250,4993250,12234,2447
3,2018,01,4,5,W3C,강원도,춘천시,24653850,4930770,12215,2443
4,2018,01,5,4,W3C,강원도,춘천시,19771650,4942913,9721,2430
5,2018,01,6,4,W3C,강원도,춘천시,19174250,4793563,9821,2455
6,2018,01,7,4,W3C,강원도,춘천시,21782850,5445713,10418,2605
0,2018,01,1,4,W20,울산광역시,동구,7692000,1923000,3753,938
1,2018,01,2,5,W20,울산광역시,동구,8852200,1770440,4364,873
2,2018,01,3,5,W20,울산광역시,동구,7726550,1545310,3970,794
3,2018,01,4,5,W20,울산광역시,동구,7524550,1504910,3928,786
4,2018,01,5,4,W20,울산광역시,동구,6014000,1503500,3163,791
5,2018,01,6,4,W20,울산광역시,동구,5867700,1466925,3026,757
6,2018,01,7,4,W20,울산광역시,동구,6293300,1573325,3078,770
0,2018,01,1,4,W1F,인천광역시,동구,26879650,6719913,15210,3803
1,2018,01,2,5,W1F,인천광역시,동구,31922400,6384480,18758,3752
2,2018,01,3,5,W1F,인천광역시,동구,27657800,5531560,16908,3382
3,2018,01,4,5,W1F,인천광역시,동구,26956850,5391370,17174,3435
4,2018,01,5,4,W1F,인천광역시,동구,20148000,5037000,12769,3192
5,2018,01,6,4,W1F,인천광역시,동구,19541600,4885400,12523,3131
6,2018,01,7,4,W1F,인천광역시,동구,22115400,5528850,13057,3264
0,2018,01,1,4,W25,경기도,수원시팔달구,54462700,13615675,27446,6862
1,2018,01,2,5,W25,경기도,수원시팔달구,70177300,14035460,35611,7122
2,2018,01,3,5,W25,경기도,수원시팔달구,57494500,11498900,30670,6134
3,2018,01,4,5,W25,경기도,수원시팔달구,56416350,11283270,31368,6274
4,2018,01,5,4,W25,경기도,수원시팔달구,42139850,10534963,22897,5724
5,2018,01,6,4,W25,경기도,수원시팔달구,42347350,10586838,22694,5674
6,2018,01,7,4,W25,경기도,수원시팔달구,44069550,11017388,23484,5871
0,2018,01,1,4,W1T,대전광역시,동구,3350750,837688,1577,394
1,2018,01,2,5,W1T,대전광역시,동구,4559900,911980,2335,467
2,2018,01,3,5,W1T,대전광역시,동구,3740650,748130,1993,399
3,2018,01,4,5,W1T,대전광역시,동구,3067900,613580,1697,339
4,2018,01,5,4,W1T,대전광역시,동구,2701250,675313,1456,364
5,2018,01,6,4,W1T,대전광역시,동구,2565650,641413,1394,349
6,2018,01,7,4,W1T,대전광역시,동구,3122600,780650,1524,381
0,2018,01,1,4,W4Q,전라북도,군산시,87762900,21940725,42880,10720
1,2018,01,2,5,W4Q,전라북도,군산시,112078550,22415710,56621,11324
2,2018,01,3,5,W4Q,전라북도,군산시,95372550,19074510,49882,9976
3,2018,01,4,5,W4Q,전라북도,군산시,96742300,19348460,50824,10165
4,2018,01,5,4,W4Q,전라북도,군산시,75568500,18892125,39611,9903
5,2018,01,6,4,W4Q,전라북도,군산시,76489800,19122450,40824,10206
6,2018,01,7,4,W4Q,전라북도,군산시,81034750,20258688,41171,10293
0,2018,01,1,4,W3I,강원도,삼척시,9366650,2341663,5183,1296
1,2018,01,2,5,W3I,강원도,삼척시,11683100,2336620,6421,1284
2,2018,01,3,5,W3I,강원도,삼척시,10221350,2044270,5853,1171
3,2018,01,4,5,W3I,강원도,삼척시,10097500,2019500,5691,1138
4,2018,01,5,4,W3I,강원도,삼척시,8000550,2000138,4725,1181
5,2018,01,6,4,W3I,강원도,삼척시,7892200,1973050,4632,1158
6,2018,01,7,4,W3I,강원도,삼척시,8264400,2066100,4618,1155
0,2018,01,1,4,W6N,경상남도,의령군,366950,91738,156,39
1,2018,01,2,5,W6N,경상남도,의령군,509350,101870,225,45
2,2018,01,3,5,W6N,경상남도,의령군,331850,66370,169,34
3,2018,01,4,5,W6N,경상남도,의령군,435000,87000,195,39
4,2018,01,5,4,W6N,경상남도,의령군,295800,73950,132,33
5,2018,01,6,4,W6N,경상남도,의령군,299350,74838,139,35
6,2018,01,7,4,W6N,경상남도,의령군,298500,74625,144,36
0,2018,01,1,4,W07,서울특별시,중랑구,72751400,18187850,41386,10347
1,2018,01,2,5,W07,서울특별시,중랑구,79299850,15859970,46320,9264
2,2018,01,3,5,W07,서울특별시,중랑구,68072350,13614470,41967,8393
3,2018,01,4,5,W07,서울특별시,중랑구,65019650,13003930,40724,8145
4,2018,01,5,4,W07,서울특별시,중랑구,49825250,12456313,31416,7854
5,2018,01,6,4,W07,서울특별시,중랑구,48699150,12174788,31112,7778
6,2018,01,7,4,W07,서울특별시,중랑구,54573600,13643400,32115,8029
0,2018,01,1,4,W0G,서울특별시,강서구,34983850,8745963,20227,5057
1,2018,01,2,5,W0G,서울특별시,강서구,27463200,5492640,16280,3256
2,2018,01,3,5,W0G,서울특별시,강서구,23822750,4764550,14527,2905
3,2018,01,4,5,W0G,서울특별시,강서구,26452350,5290470,16301,3260
4,2018,01,5,4,W0G,서울특별시,강서구,21930300,5482575,13342,3336
5,2018,01,6,4,W0G,서울특별시,강서구,18768050,4692013,11342,2836
6,2018,01,7,4,W0G,서울특별시,강서구,20014950,5003738,11677,2919
0,2018,01,1,4,W14,부산광역시,사상구,80873650,20218413,44005,11001
1,2018,01,2,5,W14,부산광역시,사상구,101467700,20293540,57291,11458
2,2018,01,3,5,W14,부산광역시,사상구,85136800,17027360,50368,10074
3,2018,01,4,5,W14,부산광역시,사상구,87524000,17504800,52180,10436
4,2018,01,5,4,W14,부산광역시,사상구,67258000,16814500,40859,10215
5,2018,01,6,4,W14,부산광역시,사상구,63409450,15852363,38899,9725
6,2018,01,7,4,W14,부산광역시,사상구,67916600,16979150,39601,9900
0,2018,01,1,4,W1D,대구광역시,달성군,17902000,4475500,9135,2284
1,2018,01,2,5,W1D,대구광역시,달성군,20539900,4107980,10851,2170
2,2018,01,3,5,W1D,대구광역시,달성군,17849050,3569810,9717,1943
3,2018,01,4,5,W1D,대구광역시,달성군,17699750,3539950,9783,1957
4,2018,01,5,4,W1D,대구광역시,달성군,14066250,3516563,7909,1977
5,2018,01,6,4,W1D,대구광역시,달성군,13743000,3435750,7715,1929
6,2018,01,7,4,W1D,대구광역시,달성군,14735700,3683925,7972,1993
0,2018,01,1,4,W1C,대구광역시,달서구,171075300,42768825,89696,22424
1,2018,01,2,5,W1C,대구광역시,달서구,204060050,40812010,111300,22260
2,2018,01,3,5,W1C,대구광역시,달서구,175424000,35084800,99440,19888
3,2018,01,4,5,W1C,대구광역시,달서구,173763450,34752690,99373,19875
4,2018,01,5,4,W1C,대구광역시,달서구,140851900,35212975,81023,20256
5,2018,01,6,4,W1C,대구광역시,달서구,135890650,33972663,78696,19674
6,2018,01,7,4,W1C,대구광역시,달서구,148099100,37024775,81901,20475
0,2018,01,1,4,W05,서울특별시,광진구,23419650,5854913,13118,3280
1,2018,01,2,5,W05,서울특별시,광진구,29254500,5850900,17071,3414
2,2018,01,3,5,W05,서울특별시,광진구,24681700,4936340,15018,3004
3,2018,01,4,5,W05,서울특별시,광진구,24105850,4821170,15022,3004
4,2018,01,5,4,W05,서울특별시,광진구,19150700,4787675,12000,3000
5,2018,01,6,4,W05,서울특별시,광진구,18027400,4506850,11433,2858
6,2018,01,7,4,W05,서울특별시,광진구,18675300,4668825,10970,2743
0,2018,01,1,4,W2B,경기도,안양시,8513150,2128288,4108,1027
1,2018,01,2,5,W2B,경기도,안양시,5876800,1175360,2965,593
2,2018,01,3,5,W2B,경기도,안양시,5318250,1063650,2701,540
3,2018,01,4,5,W2B,경기도,안양시,5614050,1122810,2950,590
4,2018,01,5,4,W2B,경기도,안양시,4262750,1065688,2160,540
5,2018,01,6,4,W2B,경기도,안양시,4234100,1058525,2197,549
6,2018,01,7,4,W2B,경기도,안양시,5535100,1383775,2762,691
0,2018,01,1,4,W5U,경상북도,구미시,173290700,43322675,79855,19964
1,2018,01,2,5,W5U,경상북도,구미시,210334750,42066950,99634,19927
2,2018,01,3,5,W5U,경상북도,구미시,177911850,35582370,87696,17539
3,2018,01,4,5,W5U,경상북도,구미시,173418200,34683640,87649,17530
4,2018,01,5,4,W5U,경상북도,구미시,138919400,34729850,70123,17531
5,2018,01,6,4,W5U,경상북도,구미시,133511000,33377750,68614,17154
6,2018,01,7,4,W5U,경상북도,구미시,144448800,36112200,70778,17695
0,2018,01,1,4,W1H,인천광역시,연수구,109273950,27318488,58350,14588
1,2018,01,2,5,W1H,인천광역시,연수구,129190250,25838050,72106,14421
2,2018,01,3,5,W1H,인천광역시,연수구,110608600,22121720,64109,12822
3,2018,01,4,5,W1H,인천광역시,연수구,102552650,20510530,61308,12262
4,2018,01,5,4,W1H,인천광역시,연수구,81005200,20251300,48352,12088
5,2018,01,6,4,W1H,인천광역시,연수구,80189300,20047325,48476,12119
6,2018,01,7,4,W1H,인천광역시,연수구,91429000,22857250,51311,12828
0,2018,01,1,4,W1M,인천광역시,강화군,5162300,1290575,1937,484
1,2018,01,2,5,W1M,인천광역시,강화군,3891000,778200,1457,291
2,2018,01,3,5,W1M,인천광역시,강화군,3549650,709930,1349,270
3,2018,01,4,5,W1M,인천광역시,강화군,3759100,751820,1430,286
4,2018,01,5,4,W1M,인천광역시,강화군,2744350,686088,1093,273
5,2018,01,6,4,W1M,인천광역시,강화군,2693200,673300,1077,269
6,2018,01,7,4,W1M,인천광역시,강화군,3792150,948038,1397,349
0,2018,01,1,4,W1S,광주광역시,광산구,73631450,18407863,33394,8349
1,2018,01,2,5,W1S,광주광역시,광산구,87503750,17500750,41216,8243
2,2018,01,3,5,W1S,광주광역시,광산구,72356650,14471330,35709,7142
3,2018,01,4,5,W1S,광주광역시,광산구,71524250,14304850,36312,7262
4,2018,01,5,4,W1S,광주광역시,광산구,57087900,14271975,28552,7138
5,2018,01,6,4,W1S,광주광역시,광산구,56934200,14233550,28803,7201
6,2018,01,7,4,W1S,광주광역시,광산구,61556100,15389025,29657,7414
0,2018,01,1,4,W18,대구광역시,서구,10455900,2613975,5619,1405
1,2018,01,2,5,W18,대구광역시,서구,12734550,2546910,7127,1425
2,2018,01,3,5,W18,대구광역시,서구,10330800,2066160,5991,1198
3,2018,01,4,5,W18,대구광역시,서구,10834250,2166850,6320,1264
4,2018,01,5,4,W18,대구광역시,서구,8884150,2221038,5138,1285
5,2018,01,6,4,W18,대구광역시,서구,8550800,2137700,5081,1270
6,2018,01,7,4,W18,대구광역시,서구,9461850,2365463,5251,1313
0,2018,01,1,4,W0Q,부산광역시,중구,1136350,284088,740,185
1,2018,01,2,5,W0Q,부산광역시,중구,1296300,259260,949,190
2,2018,01,3,5,W0Q,부산광역시,중구,1283800,256760,924,185
3,2018,01,4,5,W0Q,부산광역시,중구,1206800,241360,894,179
4,2018,01,5,4,W0Q,부산광역시,중구,895950,223988,650,163
5,2018,01,6,4,W0Q,부산광역시,중구,1009450,252363,705,176
6,2018,01,7,4,W0Q,부산광역시,중구,1033550,258388,732,183
0,2018,01,1,4,W1Q,광주광역시,남구,60650800,15162700,29960,7490
1,2018,01,2,5,W1Q,광주광역시,남구,74083900,14816780,37818,7564
2,2018,01,3,5,W1Q,광주광역시,남구,61662850,12332570,32804,6561
3,2018,01,4,5,W1Q,광주광역시,남구,60970200,12194040,33060,6612
4,2018,01,5,4,W1Q,광주광역시,남구,49309100,12327275,26761,6690
5,2018,01,6,4,W1Q,광주광역시,남구,48933300,12233325,26845,6711
6,2018,01,7,4,W1Q,광주광역시,남구,53921300,13480325,27829,6957
0,2018,01,1,4,W0C,서울특별시,은평구,24088050,6022013,13473,3368
1,2018,01,2,5,W0C,서울특별시,은평구,23102900,4620580,13445,2689
2,2018,01,3,5,W0C,서울특별시,은평구,18253900,3650780,11055,2211
3,2018,01,4,5,W0C,서울특별시,은평구,17567900,3513580,10903,2181
4,2018,01,5,4,W0C,서울특별시,은평구,14626600,3656650,9089,2272
5,2018,01,6,4,W0C,서울특별시,은평구,14637150,3659288,8945,2236
6,2018,01,7,4,W0C,서울특별시,은평구,15917100,3979275,9264,2316
0,2018,01,1,4,W2S,경기도,오산시,128957300,32239325,58095,14524
1,2018,01,2,5,W2S,경기도,오산시,124477400,24895480,58853,11771
2,2018,01,3,5,W2S,경기도,오산시,107870400,21574080,53229,10646
3,2018,01,4,5,W2S,경기도,오산시,108948350,21789670,54649,10930
4,2018,01,5,4,W2S,경기도,오산시,80523250,20130813,41051,10263
5,2018,01,6,4,W2S,경기도,오산시,80992550,20248138,41214,10304
6,2018,01,7,4,W2S,경기도,오산시,88163700,22040925,41809,10452
0,2018,01,1,4,W0X,부산광역시,북구,118533350,29633338,55986,13997
1,2018,01,2,5,W0X,부산광역시,북구,117524850,23504970,57907,11581
2,2018,01,3,5,W0X,부산광역시,북구,108446150,21689230,55006,11001
3,2018,01,4,5,W0X,부산광역시,북구,102537700,20507540,53341,10668
4,2018,01,5,4,W0X,부산광역시,북구,87657250,21914313,45308,11327
5,2018,01,6,4,W0X,부산광역시,북구,73350850,18337713,38924,9731
6,2018,01,7,4,W0X,부산광역시,북구,80298550,20074638,41089,10272
0,2018,01,1,4,W0R,부산광역시,서구,12061800,3015450,6390,1598
1,2018,01,2,5,W0R,부산광역시,서구,14276150,2855230,7617,1523
2,2018,01,3,5,W0R,부산광역시,서구,12664650,2532930,7094,1419
3,2018,01,4,5,W0R,부산광역시,서구,12328500,2465700,6995,1399
4,2018,01,5,4,W0R,부산광역시,서구,9692200,2423050,5534,1384
5,2018,01,6,4,W0R,부산광역시,서구,9483200,2370800,5493,1373
6,2018,01,7,4,W0R,부산광역시,서구,9683050,2420763,5459,1365
0,2018,01,1,4,W1R,광주광역시,북구,94683200,23670800,45103,11276
1,2018,01,2,5,W1R,광주광역시,북구,111343500,22268700,54824,10965
2,2018,01,3,5,W1R,광주광역시,북구,91778750,18355750,47518,9504
3,2018,01,4,5,W1R,광주광역시,북구,91250850,18250170,48062,9612
4,2018,01,5,4,W1R,광주광역시,북구,73833150,18458288,38499,9625
5,2018,01,6,4,W1R,광주광역시,북구,73869500,18467375,38615,9654
6,2018,01,7,4,W1R,광주광역시,북구,80338500,20084625,40186,10047
0,2018,01,1,4,W1L,인천광역시,서구,177160200,44290050,81809,20452
1,2018,01,2,5,W1L,인천광역시,서구,195587250,39117450,94117,18823
2,2018,01,3,5,W1L,인천광역시,서구,165225350,33045070,83163,16633
3,2018,01,4,5,W1L,인천광역시,서구,157406650,31481330,80636,16127
4,2018,01,5,4,W1L,인천광역시,서구,120356200,30089050,62329,15582
5,2018,01,6,4,W1L,인천광역시,서구,118443000,29610750,61115,15279
6,2018,01,7,4,W1L,인천광역시,서구,134130700,33532675,65624,16406
0,2018,01,1,4,W1G,인천광역시,미추홀구,80158900,20039725,42628,10657
1,2018,01,2,5,W1G,인천광역시,미추홀구,86738450,17347690,47638,9528
2,2018,01,3,5,W1G,인천광역시,미추홀구,75481650,15096330,43177,8635
3,2018,01,4,5,W1G,인천광역시,미추홀구,76275150,15255030,44609,8922
4,2018,01,5,4,W1G,인천광역시,미추홀구,57141150,14285288,33623,8406
5,2018,01,6,4,W1G,인천광역시,미추홀구,56548200,14137050,33273,8318
6,2018,01,7,4,W1G,인천광역시,미추홀구,62726300,15681575,35077,8769
0,2018,01,1,4,W12,부산광역시,연제구,67696450,16924113,33341,8335
1,2018,01,2,5,W12,부산광역시,연제구,65957900,13191580,34978,6996
2,2018,01,3,5,W12,부산광역시,연제구,60460100,12092020,32777,6555
3,2018,01,4,5,W12,부산광역시,연제구,57076200,11415240,31546,6309
4,2018,01,5,4,W12,부산광역시,연제구,50300400,12575100,27583,6896
5,2018,01,6,4,W12,부산광역시,연제구,42039050,10509763,23784,5946
6,2018,01,7,4,W12,부산광역시,연제구,45820450,11455113,24440,6110
0,2018,01,1,4,W4R,전라북도,익산시,206215100,51553775,55449,13862
1,2018,01,2,5,W4R,전라북도,익산시,727188950,145437790,80883,16177
2,2018,01,3,5,W4R,전라북도,익산시,585601750,117120350,70664,14133
3,2018,01,4,5,W4R,전라북도,익산시,499385500,99877100,70939,14188
4,2018,01,5,4,W4R,전라북도,익산시,343381000,85845250,55369,13842
5,2018,01,6,4,W4R,전라북도,익산시,400438600,100109650,56851,14213
6,2018,01,7,4,W4R,전라북도,익산시,326618600,81654650,56866,14217
0,2018,01,1,4,W3K,강원도,횡성군,9299850,2324963,3377,844
1,2018,01,2,5,W3K,강원도,횡성군,10903900,2180780,4094,819
2,2018,01,3,5,W3K,강원도,횡성군,9925950,1985190,3713,743
3,2018,01,4,5,W3K,강원도,횡성군,9571850,1914370,3686,737
4,2018,01,5,4,W3K,강원도,횡성군,7363900,1840975,2853,713
5,2018,01,6,4,W3K,강원도,횡성군,7898500,1974625,2992,748
6,2018,01,7,4,W3K,강원도,횡성군,8188250,2047063,3029,757
0,2018,01,1,4,W6J,경상남도,김해시,234923450,58730863,117233,29308
1,2018,01,2,5,W6J,경상남도,김해시,274336900,54867380,143108,28622
2,2018,01,3,5,W6J,경상남도,김해시,234552950,46910590,128417,25683
3,2018,01,4,5,W6J,경상남도,김해시,244983150,48996630,136365,27273
4,2018,01,5,4,W6J,경상남도,김해시,191953550,47988388,106871,26718
5,2018,01,6,4,W6J,경상남도,김해시,179608850,44902213,101383,25346
6,2018,01,7,4,W6J,경상남도,김해시,188868500,47217125,101017,25254
0,2018,01,1,4,W0E,서울특별시,마포구,121951750,30487938,56287,14072
1,2018,01,2,5,W0E,서울특별시,마포구,234188750,46837750,58519,11704
2,2018,01,3,5,W0E,서울특별시,마포구,150317050,30063410,53166,10633
3,2018,01,4,5,W0E,서울특별시,마포구,178454650,35690930,53771,10754
4,2018,01,5,4,W0E,서울특별시,마포구,101838200,25459550,39943,9986
5,2018,01,6,4,W0E,서울특별시,마포구,148742500,37185625,41949,10487
6,2018,01,7,4,W0E,서울특별시,마포구,82803450,20700863,40734,10184
0,2018,01,1,4,W6F,경상남도,진주시,94885400,23721350,43666,10917
1,2018,01,2,5,W6F,경상남도,진주시,110573850,22114770,52368,10474
2,2018,01,3,5,W6F,경상남도,진주시,95818000,19163600,46906,9381
3,2018,01,4,5,W6F,경상남도,진주시,94290700,18858140,47697,9539
4,2018,01,5,4,W6F,경상남도,진주시,76719650,19179913,38542,9636
5,2018,01,6,4,W6F,경상남도,진주시,74713300,18678325,37975,9494
6,2018,01,7,4,W6F,경상남도,진주시,78664500,19666125,37844,9461
0,2018,01,1,4,W2I,경기도,동두천시,31314900,7828725,14911,3728
1,2018,01,2,5,W2I,경기도,동두천시,36726550,7345310,18019,3604
2,2018,01,3,5,W2I,경기도,동두천시,31699400,6339880,16274,3255
3,2018,01,4,5,W2I,경기도,동두천시,31254300,6250860,16245,3249
4,2018,01,5,4,W2I,경기도,동두천시,23861250,5965313,12508,3127
5,2018,01,6,4,W2I,경기도,동두천시,24126850,6031713,12513,3128
6,2018,01,7,4,W2I,경기도,동두천시,25852050,6463013,13025,3256
0,2018,01,1,4,W2U,경기도,군포시,26066200,6516550,13316,3329
1,2018,01,2,5,W2U,경기도,군포시,29891050,5978210,15731,3146
2,2018,01,3,5,W2U,경기도,군포시,26692700,5338540,14384,2877
3,2018,01,4,5,W2U,경기도,군포시,27226550,5445310,15374,3075
4,2018,01,5,4,W2U,경기도,군포시,17914800,4478700,10331,2583
5,2018,01,6,4,W2U,경기도,군포시,16976450,4244113,9899,2475
6,2018,01,7,4,W2U,경기도,군포시,20164100,5041025,10585,2646
0,2018,01,1,4,W2L,경기도,고양시,2226700,556675,1544,386
1,2018,01,2,5,W2L,경기도,고양시,2446450,489290,1704,341
2,2018,01,3,5,W2L,경기도,고양시,2501350,500270,1810,362
3,2018,01,4,5,W2L,경기도,고양시,2412800,482560,1788,358
4,2018,01,5,4,W2L,경기도,고양시,2419050,604763,1847,462
5,2018,01,6,4,W2L,경기도,고양시,1712300,428075,1368,342
6,2018,01,7,4,W2L,경기도,고양시,2048800,512200,1453,363
0,2018,01,1,4,W21,울산광역시,북구,7643800,1910950,3901,975
1,2018,01,2,5,W21,울산광역시,북구,9486400,1897280,4969,994
2,2018,01,3,5,W21,울산광역시,북구,8006450,1601290,4280,856
3,2018,01,4,5,W21,울산광역시,북구,7878900,1575780,4401,880
4,2018,01,5,4,W21,울산광역시,북구,6314950,1578738,3522,881
5,2018,01,6,4,W21,울산광역시,북구,6207850,1551963,3479,870
6,2018,01,7,4,W21,울산광역시,북구,6487400,1621850,3475,869
0,2018,01,1,4,W1W,대전광역시,유성구,9379000,2344750,4659,1165
1,2018,01,2,5,W1W,대전광역시,유성구,12088600,2417720,6061,1212
2,2018,01,3,5,W1W,대전광역시,유성구,10675150,2135030,5665,1133
3,2018,01,4,5,W1W,대전광역시,유성구,9104650,1820930,5018,1004
4,2018,01,5,4,W1W,대전광역시,유성구,7347600,1836900,3978,995
5,2018,01,6,4,W1W,대전광역시,유성구,7404950,1851238,4135,1034
6,2018,01,7,4,W1W,대전광역시,유성구,7852900,1963225,4079,1020
0,2018,01,1,4,W29,경기도,성남시분당구,1909550,477388,1084,271
1,2018,01,2,5,W29,경기도,성남시분당구,2554850,510970,1461,292
2,2018,01,3,5,W29,경기도,성남시분당구,2391400,478280,1462,292
3,2018,01,4,5,W29,경기도,성남시분당구,1881000,376200,1177,235
4,2018,01,5,4,W29,경기도,성남시분당구,1430050,357513,926,232
5,2018,01,6,4,W29,경기도,성남시분당구,1605750,401438,957,239
6,2018,01,7,4,W29,경기도,성남시분당구,1690750,422688,976,244
0,2018,01,1,4,W0A,서울특별시,도봉구,89565550,22391388,55405,13851
1,2018,01,2,5,W0A,서울특별시,도봉구,361469100,72293820,73400,14680
2,2018,01,3,5,W0A,서울특별시,도봉구,376533500,75306700,66345,13269
3,2018,01,4,5,W0A,서울특별시,도봉구,267607050,53521410,63055,12611
4,2018,01,5,4,W0A,서울특별시,도봉구,173010750,43252688,49038,12260
5,2018,01,6,4,W0A,서울특별시,도봉구,210114750,52528688,48445,12111
6,2018,01,7,4,W0A,서울특별시,도봉구,200076950,50019238,50057,12514
0,2018,01,1,4,W3J,강원도,홍천군,11529150,2882288,5400,1350
1,2018,01,2,5,W3J,강원도,홍천군,12895650,2579130,6178,1236
2,2018,01,3,5,W3J,강원도,홍천군,10662600,2132520,5184,1037
3,2018,01,4,5,W3J,강원도,홍천군,10849400,2169880,5209,1042
4,2018,01,5,4,W3J,강원도,홍천군,8409150,2102288,4153,1038
5,2018,01,6,4,W3J,강원도,홍천군,8370650,2092663,4206,1052
6,2018,01,7,4,W3J,강원도,홍천군,9470400,2367600,4533,1133
0,2018,01,1,4,W2Y,경기도,용인시,490719950,122679988,231498,57875
1,2018,01,2,5,W2Y,경기도,용인시,562576000,112515200,272620,54524
2,2018,01,3,5,W2Y,경기도,용인시,482135300,96427060,243830,48766
3,2018,01,4,5,W2Y,경기도,용인시,464574050,92914810,239677,47935
4,2018,01,5,4,W2Y,경기도,용인시,371593300,92898325,193792,48448
5,2018,01,6,4,W2Y,경기도,용인시,333743750,83435938,175412,43853
6,2018,01,7,4,W2Y,경기도,용인시,370254050,92563513,182364,45591
0,2018,01,1,4,W37,경기도,포천시,31718900,7929725,14102,3526
1,2018,01,2,5,W37,경기도,포천시,34473750,6894750,16348,3270
2,2018,01,3,5,W37,경기도,포천시,29711500,5942300,14720,2944
3,2018,01,4,5,W37,경기도,포천시,28317600,5663520,14480,2896
4,2018,01,5,4,W37,경기도,포천시,22642850,5660713,11536,2884
5,2018,01,6,4,W37,경기도,포천시,22601000,5650250,11493,2873
6,2018,01,7,4,W37,경기도,포천시,25684050,6421013,12310,3078
0,2018,01,1,4,W16,대구광역시,중구,19506250,4876563,11153,2788
1,2018,01,2,5,W16,대구광역시,중구,24009750,4801950,14234,2847
2,2018,01,3,5,W16,대구광역시,중구,21133900,4226780,13033,2607
3,2018,01,4,5,W16,대구광역시,중구,20680150,4136030,12823,2565
4,2018,01,5,4,W16,대구광역시,중구,16507850,4126963,10244,2561
5,2018,01,6,4,W16,대구광역시,중구,16823000,4205750,10602,2651
6,2018,01,7,4,W16,대구광역시,중구,17631500,4407875,10492,2623
0,2018,01,1,4,W1V,대전광역시,서구,10975050,2743763,5507,1377
1,2018,01,2,5,W1V,대전광역시,서구,12210650,2442130,6438,1288
2,2018,01,3,5,W1V,대전광역시,서구,10272900,2054580,5681,1136
3,2018,01,4,5,W1V,대전광역시,서구,10546150,2109230,5985,1197
4,2018,01,5,4,W1V,대전광역시,서구,7903100,1975775,4384,1096
5,2018,01,6,4,W1V,대전광역시,서구,7696100,1924025,4343,1086
6,2018,01,7,4,W1V,대전광역시,서구,8398900,2099725,4488,1122
0,2018,01,1,4,W1U,대전광역시,중구,1485150,371288,822,206
1,2018,01,2,5,W1U,대전광역시,중구,1755850,351170,953,191
2,2018,01,3,5,W1U,대전광역시,중구,1542700,308540,872,174
3,2018,01,4,5,W1U,대전광역시,중구,1376350,275270,858,172
4,2018,01,5,4,W1U,대전광역시,중구,1102450,275613,678,170
5,2018,01,6,4,W1U,대전광역시,중구,1070900,267725,651,163
6,2018,01,7,4,W1U,대전광역시,중구,1241200,310300,682,171
0,2018,01,1,4,W5V,경상북도,영주시,10407000,2601750,4960,1240
1,2018,01,2,5,W5V,경상북도,영주시,12495350,2499070,6071,1214
2,2018,01,3,5,W5V,경상북도,영주시,10617700,2123540,5336,1067
3,2018,01,4,5,W5V,경상북도,영주시,10417200,2083440,5278,1056
4,2018,01,5,4,W5V,경상북도,영주시,8618050,2154513,4352,1088
5,2018,01,6,4,W5V,경상북도,영주시,8380850,2095213,4223,1056
6,2018,01,7,4,W5V,경상북도,영주시,8957050,2239263,4398,1100
0,2018,01,1,4,W0T,부산광역시,영도구,23069650,5767413,12365,3091
1,2018,01,2,5,W0T,부산광역시,영도구,28185250,5637050,15751,3150
2,2018,01,3,5,W0T,부산광역시,영도구,24975050,4995010,14522,2904
3,2018,01,4,5,W0T,부산광역시,영도구,23683650,4736730,14008,2802
4,2018,01,5,4,W0T,부산광역시,영도구,18765000,4691250,11291,2823
5,2018,01,6,4,W0T,부산광역시,영도구,18257500,4564375,10969,2742
6,2018,01,7,4,W0T,부산광역시,영도구,20168150,5042038,11586,2897
0,2018,01,1,4,W24,경기도,수원시권선구,181564950,45391238,89176,22294
1,2018,01,2,5,W24,경기도,수원시권선구,183380900,36676180,93405,18681
2,2018,01,3,5,W24,경기도,수원시권선구,159296900,31859380,84415,16883
3,2018,01,4,5,W24,경기도,수원시권선구,153276650,30655330,83271,16654
4,2018,01,5,4,W24,경기도,수원시권선구,119392500,29848125,64580,16145
5,2018,01,6,4,W24,경기도,수원시권선구,116378050,29094513,63499,15875
6,2018,01,7,4,W24,경기도,수원시권선구,128798600,32199650,66018,16505
0,2018,01,1,4,W23,경기도,수원시장안구,126743500,31685875,61690,15423
1,2018,01,2,5,W23,경기도,수원시장안구,132066300,26413260,66695,13339
2,2018,01,3,5,W23,경기도,수원시장안구,112743950,22548790,59074,11815
3,2018,01,4,5,W23,경기도,수원시장안구,112925300,22585060,61339,12268
4,2018,01,5,4,W23,경기도,수원시장안구,96985850,24246463,52336,13084
5,2018,01,6,4,W23,경기도,수원시장안구,81030850,20257713,44733,11183
6,2018,01,7,4,W23,경기도,수원시장안구,88444300,22111075,45614,11404
0,2018,01,1,4,W1A,대구광역시,북구,56617260,14154315,28503,7126
1,2018,01,2,5,W1A,대구광역시,북구,67071720,13414344,34754,6951
2,2018,01,3,5,W1A,대구광역시,북구,57818240,11563648,30872,6174
3,2018,01,4,5,W1A,대구광역시,북구,57453180,11490636,31357,6271
4,2018,01,5,4,W1A,대구광역시,북구,46325900,11581475,25278,6320
5,2018,01,6,4,W1A,대구광역시,북구,44765620,11191405,24667,6167
6,2018,01,7,4,W1A,대구광역시,북구,48619540,12154885,25481,6370
0,2018,01,1,4,W5S,경상북도,김천시,40759350,10189838,19230,4808
1,2018,01,2,5,W5S,경상북도,김천시,49883550,9976710,23970,4794
2,2018,01,3,5,W5S,경상북도,김천시,42336000,8467200,21229,4246
3,2018,01,4,5,W5S,경상북도,김천시,42878900,8575780,21670,4334
4,2018,01,5,4,W5S,경상북도,김천시,32579750,8144938,16814,4204
5,2018,01,6,4,W5S,경상북도,김천시,32792900,8198225,17037,4259
6,2018,01,7,4,W5S,경상북도,김천시,35269850,8817463,17365,4341
0,2018,01,1,4,W1X,대전광역시,대덕구,5101050,1275263,2675,669
1,2018,01,2,5,W1X,대전광역시,대덕구,7230600,1446120,4100,820
2,2018,01,3,5,W1X,대전광역시,대덕구,5046000,1009200,3027,605
3,2018,01,4,5,W1X,대전광역시,대덕구,4557900,911580,2943,589
4,2018,01,5,4,W1X,대전광역시,대덕구,4036750,1009188,2440,610
5,2018,01,6,4,W1X,대전광역시,대덕구,3996250,999063,2440,610
6,2018,01,7,4,W1X,대전광역시,대덕구,4107300,1026825,2420,605
0,2018,01,1,4,W1E,인천광역시,중구,20446200,5111550,9877,2469
1,2018,01,2,5,W1E,인천광역시,중구,19955050,3991010,10050,2010
2,2018,01,3,5,W1E,인천광역시,중구,17395350,3479070,9091,1818
3,2018,01,4,5,W1E,인천광역시,중구,17960050,3592010,9653,1931
4,2018,01,5,4,W1E,인천광역시,중구,13220650,3305163,7120,1780
5,2018,01,6,4,W1E,인천광역시,중구,13390400,3347600,7318,1830
6,2018,01,7,4,W1E,인천광역시,중구,14998700,3749675,7518,1880
0,2018,01,1,4,W0F,서울특별시,양천구,23634350,5908588,13771,3443
1,2018,01,2,5,W0F,서울특별시,양천구,90911450,18182290,17257,3451
2,2018,01,3,5,W0F,서울특별시,양천구,72418750,14483750,15700,3140
3,2018,01,4,5,W0F,서울특별시,양천구,61754600,12350920,13732,2746
4,2018,01,5,4,W0F,서울특별시,양천구,46538950,11634738,11446,2862
5,2018,01,6,4,W0F,서울특별시,양천구,47936800,11984200,11822,2956
6,2018,01,7,4,W0F,서울특별시,양천구,55717850,13929463,11672,2918
0,2018,01,1,4,W0K,서울특별시,동작구,70576950,17644238,44035,11009
1,2018,01,2,5,W0K,서울특별시,동작구,78141050,15628210,49895,9979
2,2018,01,3,5,W0K,서울특별시,동작구,70194850,14038970,46662,9332
3,2018,01,4,5,W0K,서울특별시,동작구,71032350,14206470,48172,9634
4,2018,01,5,4,W0K,서울특별시,동작구,52102800,13025700,35610,8903
5,2018,01,6,4,W0K,서울특별시,동작구,48940450,12235113,33962,8491
6,2018,01,7,4,W0K,서울특별시,동작구,53676100,13419025,34679,8670
0,2018,01,1,4,W3F,강원도,동해시,31680450,7920113,14069,3517
1,2018,01,2,5,W3F,강원도,동해시,186504850,37300970,21026,4205
2,2018,01,3,5,W3F,강원도,동해시,161255750,32251150,19280,3856
3,2018,01,4,5,W3F,강원도,동해시,114482800,22896560,17972,3594
4,2018,01,5,4,W3F,강원도,동해시,75210800,18802700,14747,3687
5,2018,01,6,4,W3F,강원도,동해시,103120500,25780125,14906,3727
6,2018,01,7,4,W3F,강원도,동해시,46371150,11592788,13411,3353
0,2018,01,1,4,W15,부산광역시,기장군,50554750,12638688,25899,6475
1,2018,01,2,5,W15,부산광역시,기장군,67940700,13588140,34606,6921
2,2018,01,3,5,W15,부산광역시,기장군,52634200,10526840,28495,5699
3,2018,01,4,5,W15,부산광역시,기장군,58584700,11716940,31643,6329
4,2018,01,5,4,W15,부산광역시,기장군,43890550,10972638,24376,6094
5,2018,01,6,4,W15,부산광역시,기장군,44250400,11062600,24396,6099
6,2018,01,7,4,W15,부산광역시,기장군,42998000,10749500,23012,5753
0,2018,01,1,4,W17,대구광역시,동구,21826650,5456663,11126,2782
1,2018,01,2,5,W17,대구광역시,동구,26006750,5201350,13656,2731
2,2018,01,3,5,W17,대구광역시,동구,22379650,4475930,12187,2437
3,2018,01,4,5,W17,대구광역시,동구,22102450,4420490,12199,2440
4,2018,01,5,4,W17,대구광역시,동구,17638700,4409675,9775,2444
5,2018,01,6,4,W17,대구광역시,동구,17533250,4383313,9651,2413
6,2018,01,7,4,W17,대구광역시,동구,19052600,4763150,10088,2522
0,2018,01,1,4,W10,부산광역시,금정구,58832550,14708138,31246,7812
1,2018,01,2,5,W10,부산광역시,금정구,68289750,13657950,37553,7511
2,2018,01,3,5,W10,부산광역시,금정구,60936550,12187310,34546,6909
3,2018,01,4,5,W10,부산광역시,금정구,60010550,12002110,34828,6966
4,2018,01,5,4,W10,부산광역시,금정구,48549900,12137475,27916,6979
5,2018,01,6,4,W10,부산광역시,금정구,45169000,11292250,26647,6662
6,2018,01,7,4,W10,부산광역시,금정구,46551200,11637800,26208,6552
0,2018,01,1,4,W5I,전라남도,무안군,271400,67850,128,32
1,2018,01,2,5,W5I,전라남도,무안군,842200,168440,334,67
2,2018,01,3,5,W5I,전라남도,무안군,835650,167130,341,68
3,2018,01,4,5,W5I,전라남도,무안군,832850,166570,318,64
4,2018,01,5,4,W5I,전라남도,무안군,489050,122263,180,45
5,2018,01,6,4,W5I,전라남도,무안군,530000,132500,219,55
6,2018,01,7,4,W5I,전라남도,무안군,635600,158900,242,61
0,2018,01,1,4,W5Z,경상북도,경산시,59086650,14771663,28382,7096
1,2018,01,2,5,W5Z,경상북도,경산시,72710450,14542090,36628,7326
2,2018,01,3,5,W5Z,경상북도,경산시,62054800,12410960,32536,6507
3,2018,01,4,5,W5Z,경상북도,경산시,62108650,12421730,33067,6613
4,2018,01,5,4,W5Z,경상북도,경산시,50672250,12668063,26770,6693
5,2018,01,6,4,W5Z,경상북도,경산시,49192100,12298025,26169,6542
6,2018,01,7,4,W5Z,경상북도,경산시,53642500,13410625,27530,6883
0,2018,01,1,4,W0S,부산광역시,동구,9199750,2299938,4896,1224
1,2018,01,2,5,W0S,부산광역시,동구,9094900,1818980,5232,1046
2,2018,01,3,5,W0S,부산광역시,동구,8456850,1691370,4935,987
3,2018,01,4,5,W0S,부산광역시,동구,7856800,1571360,4612,922
4,2018,01,5,4,W0S,부산광역시,동구,6904400,1726100,4024,1006
5,2018,01,6,4,W0S,부산광역시,동구,6100950,1525238,3655,914
6,2018,01,7,4,W0S,부산광역시,동구,6828550,1707138,3879,970
0,2018,01,1,4,W2V,경기도,의왕시,31298400,7824600,15998,4000
1,2018,01,2,5,W2V,경기도,의왕시,182012750,36402550,20001,4000
2,2018,01,3,5,W2V,경기도,의왕시,93721500,18744300,17744,3549
3,2018,01,4,5,W2V,경기도,의왕시,108471950,21694390,17686,3537
4,2018,01,5,4,W2V,경기도,의왕시,54583300,13645825,13116,3279
5,2018,01,6,4,W2V,경기도,의왕시,83850950,20962738,13963,3491
6,2018,01,7,4,W2V,경기도,의왕시,64072000,16018000,13662,3416
0,2018,01,2,5,W4W,전라북도,진안군,11730500,2346100,220,44
1,2018,01,5,4,W4W,전라북도,진안군,9354000,2338500,221,55
2,2018,01,7,4,W4W,전라북도,진안군,58000,14500,1,0
0,2018,01,1,4,W69,경상북도,예천군,5864950,1466238,2462,616
1,2018,01,2,5,W69,경상북도,예천군,5934900,1186980,2496,499
2,2018,01,3,5,W69,경상북도,예천군,4921100,984220,2153,431
3,2018,01,4,5,W69,경상북도,예천군,4884900,976980,2165,433
4,2018,01,5,4,W69,경상북도,예천군,3985250,996313,1732,433
5,2018,01,6,4,W69,경상북도,예천군,3883950,970988,1739,435
6,2018,01,7,4,W69,경상북도,예천군,4335400,1083850,1893,473
0,2018,01,1,4,W50,전라북도,순창군,1105450,276363,464,116
1,2018,01,2,5,W50,전라북도,순창군,1198500,239700,584,117
2,2018,01,3,5,W50,전라북도,순창군,1160050,232010,553,111
3,2018,01,4,5,W50,전라북도,순창군,1220350,244070,581,116
4,2018,01,5,4,W50,전라북도,순창군,880400,220100,429,107
5,2018,01,6,4,W50,전라북도,순창군,795150,198788,396,99
6,2018,01,7,4,W50,전라북도,순창군,969550,242388,430,108
0,2018,01,1,4,W0U,부산광역시,부산진구,94788900,23697225,47655,11914
1,2018,01,2,5,W0U,부산광역시,부산진구,107516850,21503370,56524,11305
2,2018,01,3,5,W0U,부산광역시,부산진구,95485900,19097180,52355,10471
3,2018,01,4,5,W0U,부산광역시,부산진구,92388200,18477640,51945,10389
4,2018,01,5,4,W0U,부산광역시,부산진구,72664200,18166050,40580,10145
5,2018,01,6,4,W0U,부산광역시,부산진구,64907900,16226975,37163,9291
6,2018,01,7,4,W0U,부산광역시,부산진구,69991550,17497888,38131,9533
0,2018,01,1,4,W1J,인천광역시,부평구,83979550,20994888,43145,10786
1,2018,01,2,5,W1J,인천광역시,부평구,89714350,17942870,47784,9557
2,2018,01,3,5,W1J,인천광역시,부평구,75635750,15127150,41753,8351
3,2018,01,4,5,W1J,인천광역시,부평구,75569600,15113920,42067,8413
4,2018,01,5,4,W1J,인천광역시,부평구,56920200,14230050,31692,7923
5,2018,01,6,4,W1J,인천광역시,부평구,54397450,13599363,30735,7684
6,2018,01,7,4,W1J,인천광역시,부평구,63879050,15969763,34147,8537
0,2018,01,1,4,W08,서울특별시,성북구,30648950,7662238,17707,4427
1,2018,01,2,5,W08,서울특별시,성북구,32989650,6597930,19840,3968
2,2018,01,3,5,W08,서울특별시,성북구,29629600,5925920,18569,3714
3,2018,01,4,5,W08,서울특별시,성북구,30536550,6107310,19464,3893
4,2018,01,5,4,W08,서울특별시,성북구,20937000,5234250,13614,3404
5,2018,01,6,4,W08,서울특별시,성북구,21382600,5345650,14011,3503
6,2018,01,7,4,W08,서울특별시,성북구,22129950,5532488,13861,3465
0,2018,01,1,4,W2H,경기도,평택시,36204300,9051075,15794,3949
1,2018,01,2,5,W2H,경기도,평택시,41404600,8280920,18633,3727
2,2018,01,3,5,W2H,경기도,평택시,32986900,6597380,15948,3190
3,2018,01,4,5,W2H,경기도,평택시,31948650,6389730,15900,3180
4,2018,01,5,4,W2H,경기도,평택시,24673400,6168350,12242,3061
5,2018,01,6,4,W2H,경기도,평택시,24531050,6132763,12186,3047
6,2018,01,7,4,W2H,경기도,평택시,27491550,6872888,12716,3179
0,2018,01,1,4,W55,전라남도,순천시,42246050,10561513,18687,4672
1,2018,01,2,5,W55,전라남도,순천시,51887550,10377510,23525,4705
2,2018,01,3,5,W55,전라남도,순천시,43617750,8723550,20636,4127
3,2018,01,4,5,W55,전라남도,순천시,44416550,8883310,21428,4286
4,2018,01,5,4,W55,전라남도,순천시,33858950,8464738,16608,4152
5,2018,01,6,4,W55,전라남도,순천시,33502000,8375500,16447,4112
6,2018,01,7,4,W55,전라남도,순천시,37672850,9418213,17420,4355
0,2018,01,1,4,W6P,경상남도,창녕군,14531800,3632950,5392,1348
1,2018,01,2,5,W6P,경상남도,창녕군,17127450,3425490,6471,1294
2,2018,01,3,5,W6P,경상남도,창녕군,74400250,14880050,34462,6892
3,2018,01,4,5,W6P,경상남도,창녕군,35453300,7090660,15177,3035
4,2018,01,5,4,W6P,경상남도,창녕군,17658050,4414513,7400,1850
5,2018,01,6,4,W6P,경상남도,창녕군,13911450,3477863,5718,1430
6,2018,01,7,4,W6P,경상남도,창녕군,13456050,3364013,5327,1332
0,2018,01,1,4,W6M,경상남도,양산시,35281750,8820438,18637,4659
1,2018,01,2,5,W6M,경상남도,양산시,40044100,8008820,21832,4366
2,2018,01,3,5,W6M,경상남도,양산시,33398000,6679600,18934,3787
3,2018,01,4,5,W6M,경상남도,양산시,34589400,6917880,19689,3938
4,2018,01,5,4,W6M,경상남도,양산시,27577250,6894313,15981,3995
5,2018,01,6,4,W6M,경상남도,양산시,25985850,6496463,14900,3725
6,2018,01,7,4,W6M,경상남도,양산시,27407400,6851850,15183,3796
0,2018,01,1,4,W6Q,경상남도,고성군,668600,167150,251,63
1,2018,01,2,5,W6Q,경상남도,고성군,567700,113540,218,44
2,2018,01,3,5,W6Q,경상남도,고성군,393600,78720,165,33
3,2018,01,4,5,W6Q,경상남도,고성군,475050,95010,209,42
4,2018,01,5,4,W6Q,경상남도,고성군,370200,92550,172,43
5,2018,01,6,4,W6Q,경상남도,고성군,368300,92075,166,42
6,2018,01,7,4,W6Q,경상남도,고성군,444350,111088,176,44
0,2018,01,1,4,W0P,서울특별시,강동구,64272650,16068163,36308,9077
1,2018,01,2,5,W0P,서울특별시,강동구,62316184,12463237,36138,7228
2,2018,01,3,5,W0P,서울특별시,강동구,52316258,10463252,31827,6365
3,2018,01,4,5,W0P,서울특별시,강동구,62594181,12518836,38660,7732
4,2018,01,5,4,W0P,서울특별시,강동구,42748817,10687204,26656,6664
5,2018,01,6,4,W0P,서울특별시,강동구,40848237,10212059,25415,6354
6,2018,01,7,4,W0P,서울특별시,강동구,43742828,10935707,25632,6408
0,2018,01,1,4,W0V,부산광역시,동래구,71589800,17897450,34754,8689
1,2018,01,2,5,W0V,부산광역시,동래구,84361400,16872280,42154,8431
2,2018,01,3,5,W0V,부산광역시,동래구,67495600,13499120,34887,6977
3,2018,01,4,5,W0V,부산광역시,동래구,68994100,13798820,37117,7423
4,2018,01,5,4,W0V,부산광역시,동래구,54458200,13614550,29053,7263
5,2018,01,6,4,W0V,부산광역시,동래구,50023000,12505750,27130,6783
6,2018,01,7,4,W0V,부산광역시,동래구,49648000,12412000,25362,6341
0,2018,01,1,4,W2A,경기도,의정부시,16396200,4099050,8359,2090
1,2018,01,2,5,W2A,경기도,의정부시,18565650,3713130,9450,1890
2,2018,01,3,5,W2A,경기도,의정부시,21599950,4319990,11427,2285
3,2018,01,4,5,W2A,경기도,의정부시,17784600,3556920,9671,1934
4,2018,01,5,4,W2A,경기도,의정부시,13075850,3268963,7080,1770
5,2018,01,6,4,W2A,경기도,의정부시,12283850,3070963,6644,1661
6,2018,01,7,4,W2A,경기도,의정부시,13781050,3445263,7032,1758
0,2018,01,1,4,W38,경기도,여주시,22563000,5640750,8670,2168
1,2018,01,2,5,W38,경기도,여주시,22609200,4521840,9033,1807
2,2018,01,3,5,W38,경기도,여주시,18253150,3650630,7698,1540
3,2018,01,4,5,W38,경기도,여주시,19927400,3985480,8252,1650
4,2018,01,5,4,W38,경기도,여주시,14926550,3731638,6287,1572
5,2018,01,6,4,W38,경기도,여주시,15100200,3775050,6351,1588
6,2018,01,7,4,W38,경기도,여주시,17125050,4281263,6957,1739
0,2018,01,1,4,W52,전라북도,부안군,8300850,2075213,2926,732
1,2018,01,2,5,W52,전라북도,부안군,9223350,1844670,3498,700
2,2018,01,3,5,W52,전라북도,부안군,7973750,1594750,3144,629
3,2018,01,4,5,W52,전라북도,부안군,7623550,1524710,3006,601
4,2018,01,5,4,W52,전라북도,부안군,6466400,1616600,2484,621
5,2018,01,6,4,W52,전라북도,부안군,6357050,1589263,2503,626
6,2018,01,7,4,W52,전라북도,부안군,7042650,1760663,2704,676
0,2018,01,1,4,W0H,서울특별시,구로구,14524350,3631088,8203,2051
1,2018,01,2,5,W0H,서울특별시,구로구,16613600,3322720,9768,1954
2,2018,01,3,5,W0H,서울특별시,구로구,13890850,2778170,8529,1706
3,2018,01,4,5,W0H,서울특별시,구로구,13856650,2771330,8649,1730
4,2018,01,5,4,W0H,서울특별시,구로구,10449450,2612363,6657,1664
5,2018,01,6,4,W0H,서울특별시,구로구,9848500,2462125,6285,1571
6,2018,01,7,4,W0H,서울특별시,구로구,11242250,2810563,6613,1653
0,2018,01,1,4,W3S,강원도,고성군,637800,159450,344,86
1,2018,01,2,5,W3S,강원도,고성군,819300,163860,471,94
2,2018,01,3,5,W3S,강원도,고성군,760850,152170,422,84
3,2018,01,4,5,W3S,강원도,고성군,732800,146560,444,89
4,2018,01,5,4,W3S,강원도,고성군,547200,136800,322,81
5,2018,01,6,4,W3S,강원도,고성군,652200,163050,361,90
6,2018,01,7,4,W3S,강원도,고성군,596350,149088,350,88
0,2018,01,1,4,W5T,경상북도,안동시,48965300,12241325,21517,5379
1,2018,01,2,5,W5T,경상북도,안동시,57930850,11586170,26531,5306
2,2018,01,3,5,W5T,경상북도,안동시,49273000,9854600,23562,4712
3,2018,01,4,5,W5T,경상북도,안동시,48616000,9723200,23460,4692
4,2018,01,5,4,W5T,경상북도,안동시,38934300,9733575,18798,4700
5,2018,01,6,4,W5T,경상북도,안동시,39127400,9781850,19016,4754
6,2018,01,7,4,W5T,경상북도,안동시,41279200,10319800,19171,4793
0,2018,01,1,4,W5X,경상북도,상주시,14332900,3583225,5789,1447
1,2018,01,2,5,W5X,경상북도,상주시,16873100,3374620,7026,1405
2,2018,01,3,5,W5X,경상북도,상주시,14559200,2911840,6119,1224
3,2018,01,4,5,W5X,경상북도,상주시,14386650,2877330,6228,1246
4,2018,01,5,4,W5X,경상북도,상주시,11327700,2831925,4991,1248
5,2018,01,6,4,W5X,경상북도,상주시,10692300,2673075,4745,1186
6,2018,01,7,4,W5X,경상북도,상주시,12507200,3126800,5166,1292
0,2018,01,1,4,W3E,강원도,강릉시,25300750,6325188,13226,3307
1,2018,01,2,5,W3E,강원도,강릉시,29883250,5976650,15925,3185
2,2018,01,3,5,W3E,강원도,강릉시,25799550,5159910,14266,2853
3,2018,01,4,5,W3E,강원도,강릉시,24328600,4865720,13611,2722
4,2018,01,5,4,W3E,강원도,강릉시,19501850,4875463,10891,2723
5,2018,01,6,4,W3E,강원도,강릉시,19113350,4778338,10811,2703
6,2018,01,7,4,W3E,강원도,강릉시,20818350,5204588,11139,2785
0,2018,01,1,4,W26,경기도,수원시영통구,216915710,54228928,109438,27360
1,2018,01,2,5,W26,경기도,수원시영통구,259003200,51800640,132919,26584
2,2018,01,3,5,W26,경기도,수원시영통구,210193820,42038764,113023,22605
3,2018,01,4,5,W26,경기도,수원시영통구,204197100,40839420,113638,22728
4,2018,01,5,4,W26,경기도,수원시영통구,159517890,39879473,88509,22127
5,2018,01,6,4,W26,경기도,수원시영통구,146129300,36532325,82567,20642
6,2018,01,7,4,W26,경기도,수원시영통구,165313600,41328400,87248,21812
0,2018,01,1,4,W0B,서울특별시,노원구,175488400,43872100,109417,27354
1,2018,01,2,5,W0B,서울특별시,노원구,204279050,40855810,131825,26365
2,2018,01,3,5,W0B,서울특별시,노원구,178974350,35794870,122319,24464
3,2018,01,4,5,W0B,서울특별시,노원구,167217150,33443430,116573,23315
4,2018,01,5,4,W0B,서울특별시,노원구,128737400,32184350,90367,22592
5,2018,01,6,4,W0B,서울특별시,노원구,128463200,32115800,90561,22640
6,2018,01,7,4,W0B,서울특별시,노원구,140898350,35224588,92880,23220
0,2018,01,1,4,W28,경기도,성남시중원구,1152500,288125,603,151
1,2018,01,2,5,W28,경기도,성남시중원구,1059850,211970,591,118
2,2018,01,3,5,W28,경기도,성남시중원구,1123400,224680,637,127
3,2018,01,4,5,W28,경기도,성남시중원구,990850,198170,583,117
4,2018,01,5,4,W28,경기도,성남시중원구,855050,213763,476,119
5,2018,01,6,4,W28,경기도,성남시중원구,843600,210900,454,114
6,2018,01,7,4,W28,경기도,성남시중원구,910450,227613,506,127
0,2018,01,1,4,W2D,경기도,부천시,51656100,12914025,24710,6178
1,2018,01,2,5,W2D,경기도,부천시,55332000,11066400,27555,5511
2,2018,01,3,5,W2D,경기도,부천시,48001650,9600330,24766,4953
3,2018,01,4,5,W2D,경기도,부천시,45271600,9054320,24063,4813
4,2018,01,5,4,W2D,경기도,부천시,36056900,9014225,19114,4779
5,2018,01,6,4,W2D,경기도,부천시,36456600,9114150,19268,4817
6,2018,01,7,4,W2D,경기도,부천시,37140550,9285138,18702,4676
0,2018,01,1,4,W2R,경기도,남양주시,31592500,7898125,14435,3609
1,2018,01,2,5,W2R,경기도,남양주시,36226050,7245210,16835,3367
2,2018,01,3,5,W2R,경기도,남양주시,29881550,5976310,14652,2930
3,2018,01,4,5,W2R,경기도,남양주시,32140800,6428160,15918,3184
4,2018,01,5,4,W2R,경기도,남양주시,23864750,5966188,11719,2930
5,2018,01,6,4,W2R,경기도,남양주시,23822950,5955738,11959,2990
6,2018,01,7,4,W2R,경기도,남양주시,23888950,5972238,11319,2830
0,2018,01,1,4,W1I,인천광역시,남동구,78333000,19583250,45016,11254
1,2018,01,2,5,W1I,인천광역시,남동구,90753200,18150640,53480,10696
2,2018,01,3,5,W1I,인천광역시,남동구,82960600,16592120,51469,10294
3,2018,01,4,5,W1I,인천광역시,남동구,75474600,15094920,47564,9513
4,2018,01,5,4,W1I,인천광역시,남동구,61004750,15251188,38685,9671
5,2018,01,6,4,W1I,인천광역시,남동구,61192500,15298125,38666,9667
6,2018,01,7,4,W1I,인천광역시,남동구,68656750,17164188,41555,10389
0,2018,01,1,4,W4S,전라북도,정읍시,31347350,7836838,12687,3172
1,2018,01,2,5,W4S,전라북도,정읍시,114287000,22857400,17741,3548
2,2018,01,3,5,W4S,전라북도,정읍시,120699250,24139850,15984,3197
3,2018,01,4,5,W4S,전라북도,정읍시,82725250,16545050,15389,3078
4,2018,01,5,4,W4S,전라북도,정읍시,63513350,15878338,11965,2991
5,2018,01,6,4,W4S,전라북도,정읍시,83750650,20937663,12627,3157
6,2018,01,7,4,W4S,전라북도,정읍시,55894000,13973500,11146,2787
0,2018,01,1,4,W4Z,전라북도,임실군,2312950,578238,806,202
1,2018,01,2,5,W4Z,전라북도,임실군,2935250,587050,1044,209
2,2018,01,3,5,W4Z,전라북도,임실군,2274000,454800,867,173
3,2018,01,4,5,W4Z,전라북도,임실군,2606650,521330,972,194
4,2018,01,5,4,W4Z,전라북도,임실군,2011750,502938,734,184
5,2018,01,6,4,W4Z,전라북도,임실군,2155750,538938,790,198
6,2018,01,7,4,W4Z,전라북도,임실군,2090400,522600,772,193
0,2018,01,1,4,W1P,광주광역시,서구,114960500,28740125,52982,13246
1,2018,01,2,5,W1P,광주광역시,서구,138087750,27617550,65212,13042
2,2018,01,3,5,W1P,광주광역시,서구,114791150,22958230,56914,11383
3,2018,01,4,5,W1P,광주광역시,서구,113370300,22674060,57719,11544
4,2018,01,5,4,W1P,광주광역시,서구,89499150,22374788,45341,11335
5,2018,01,6,4,W1P,광주광역시,서구,90206800,22551700,45896,11474
6,2018,01,7,4,W1P,광주광역시,서구,98418300,24604575,47673,11918
0,2018,01,1,4,W11,부산광역시,강서구,50927250,12731813,25849,6462
1,2018,01,2,5,W11,부산광역시,강서구,59340800,11868160,30930,6186
2,2018,01,3,5,W11,부산광역시,강서구,47611915,9522383,25984,5197
3,2018,01,4,5,W11,부산광역시,강서구,51212300,10242460,28079,5616
4,2018,01,5,4,W11,부산광역시,강서구,40993650,10248413,22192,5548
5,2018,01,6,4,W11,부산광역시,강서구,36837050,9209263,20490,5123
6,2018,01,7,4,W11,부산광역시,강서구,38992500,9748125,20574,5144
0,2018,01,1,4,W34,경기도,화성시,409453710,102363428,174062,43516
1,2018,01,2,5,W34,경기도,화성시,421520860,84304172,183556,36711
2,2018,01,3,5,W34,경기도,화성시,351814480,70362896,158954,31791
3,2018,01,4,5,W34,경기도,화성시,333782220,66756444,154928,30986
4,2018,01,5,4,W34,경기도,화성시,263769140,65942285,122308,30577
5,2018,01,6,4,W34,경기도,화성시,258328200,64582050,119900,29975
6,2018,01,7,4,W34,경기도,화성시,278764630,69691158,122875,30719
0,2018,01,1,4,W1O,광주광역시,동구,15267050,3816763,7556,1889
1,2018,01,2,5,W1O,광주광역시,동구,18513800,3702760,9439,1888
2,2018,01,3,5,W1O,광주광역시,동구,15298150,3059630,8090,1618
3,2018,01,4,5,W1O,광주광역시,동구,15344700,3068940,8280,1656
4,2018,01,5,4,W1O,광주광역시,동구,12216050,3054013,6530,1633
5,2018,01,6,4,W1O,광주광역시,동구,12051200,3012800,6578,1645
6,2018,01,7,4,W1O,광주광역시,동구,13490550,3372638,6989,1747
0,2018,01,1,4,W35,경기도,광주시,917630,229408,477,119
1,2018,01,2,5,W35,경기도,광주시,149958250,29991650,2373,475
2,2018,01,3,5,W35,경기도,광주시,122347160,24469432,2126,425
3,2018,01,4,5,W35,경기도,광주시,63161060,12632212,1273,255
4,2018,01,5,4,W35,경기도,광주시,53044490,13261123,1063,266
5,2018,01,6,4,W35,경기도,광주시,46804500,11701125,968,242
6,2018,01,7,4,W35,경기도,광주시,44734060,11183515,885,221
0,2018,01,1,4,W03,서울특별시,용산구,864350,216088,608,152
1,2018,01,2,5,W03,서울특별시,용산구,913250,182650,681,136
2,2018,01,3,5,W03,서울특별시,용산구,1038000,207600,793,159
3,2018,01,4,5,W03,서울특별시,용산구,767850,153570,566,113
4,2018,01,5,4,W03,서울특별시,용산구,564200,141050,466,117
5,2018,01,6,4,W03,서울특별시,용산구,553750,138438,462,116
6,2018,01,7,4,W03,서울특별시,용산구,738900,184725,509,127
